,shipping_is_express,countries_shipped_to,price,units_sold,origin_country,uses_ad_boosts,theme,Sales
0,0,34,16.0,100,CN,0,summer,1600.0
1,0,41,8.0,20000,CN,1,summer,160000.0
2,0,36,8.0,100,CN,0,summer,800.0
3,0,41,8.0,5000,CN,1,summer,40000.0
4,0,35,2.72,100,CN,1,summer,272.0
5,0,40,3.92,10,CN,0,summer,39.2
6,0,31,7.0,50000,CN,0,summer,350000.0
7,0,139,12.0,1000,CN,0,summer,12000.0
8,0,36,11.0,100,CN,1,summer,1100.0
9,0,33,5.78,5000,CN,0,summer,28900.0
10,0,25,5.79,1000,CN,0,summer,5790.0
11,0,40,6.0,100,CN,1,summer,600.0
12,0,38,1.91,1000,CN,1,summer,1910.0
13,0,43,5.79,1000,CN,0,summer,5790.0
14,0,36,2.0,20000,CN,1,summer,40000.0
15,0,41,11.0,1000,CN,0,summer,11000.0
16,0,34,11.0,10000,CN,0,summer,110000.0
17,0,41,5.0,100000,CN,1,summer,500000.0
18,0,43,9.0,20000,CN,0,summer,180000.0
19,0,41,7.0,1000,CN,0,summer,7000.0
20,0,69,11.0,5000,CN,0,summer,55000.0
21,0,41,5.0,20000,CN,0,summer,100000.0
22,0,51,11.0,1000,CN,0,summer,11000.0
23,0,138,7.0,5000,CN,1,summer,35000.0
24,0,43,5.71,1000,CN,0,summer,5710.0
25,0,41,9.0,1000,CN,0,summer,9000.0
26,0,60,9.0,1000,US,0,summer,9000.0
27,0,43,5.65,20000,CN,0,summer,113000.0
28,0,41,1.74,100,CN,1,summer,174.0
29,0,54,5.65,1000,CN,0,summer,5650.0
30,0,36,14.0,100,CN,0,summer,1400.0
31,0,38,5.65,1000,CN,1,summer,5650.0
32,0,46,8.0,1000,CN,0,summer,8000.0
33,0,22,2.66,5000,CN,0,summer,13300.0
34,0,45,9.0,10000,CN,0,summer,90000.0
35,0,31,11.0,1000,CN,0,summer,11000.0
36,0,40,8.0,100,CN,1,summer,800.0
37,0,43,14.0,5000,CN,1,summer,70000.0
38,0,43,5.8,100,CN,1,summer,580.0
39,0,41,13.0,1000,CN,0,summer,13000.0
40,0,40,9.0,50000,CN,0,summer,450000.0
41,0,43,7.0,10,CN,0,summer,70.0
42,0,22,12.0,100,CN,1,summer,1200.0
43,0,24,3.69,100,CN,0,summer,369.0
44,0,63,5.0,10000,CN,1,summer,50000.0
45,0,43,5.84,100,CN,0,summer,584.0
46,0,34,16.0,10,CN,0,summer,160.0
47,0,32,13.0,1000,CN,0,summer,13000.0
48,0,24,9.0,10000,CN,0,summer,90000.0
49,0,45,7.0,100,CN,0,summer,700.0
50,0,34,11.0,100,CN,0,summer,1100.0
51,0,40,5.84,1000,CN,0,summer,5840.0
52,0,41,1.0,1000,CN,1,summer,1000.0
53,0,25,11.0,1000,CN,1,summer,11000.0
54,0,33,9.0,5000,CN,1,summer,45000.0
55,0,28,6.0,1000,CN,1,summer,6000.0
56,0,40,1.0,100,Not Specified,0,summer,100.0
57,0,41,9.0,5000,CN,0,summer,45000.0
58,0,23,6.0,100,CN,0,summer,600.0
59,0,40,11.0,1000,CN,0,summer,11000.0
60,0,139,7.0,50,CN,0,summer,350.0
61,0,33,5.0,50,CN,1,summer,250.0
62,0,35,2.72,100,CN,1,summer,272.0
63,0,29,5.87,1000,CN,1,summer,5870.0
64,0,25,11.0,5000,CN,0,summer,55000.0
65,0,20,8.0,100,CN,0,summer,800.0
66,0,40,14.0,1000,CN,0,summer,14000.0
67,0,40,2.0,100,CN,0,summer,200.0
68,0,30,8.0,10000,CN,1,summer,80000.0
69,0,118,5.79,1000,CN,1,summer,5790.0
70,0,41,8.0,100,CN,1,summer,800.0
71,0,49,4.94,10000,CN,1,summer,49400.00000000001
72,0,14,8.0,10000,CN,0,summer,80000.0
73,0,41,11.0,100,CN,1,summer,1100.0
74,0,25,8.0,10,CN,0,summer,80.0
75,0,41,9.0,50,CN,1,summer,450.0
76,0,31,7.0,100,CN,0,summer,700.0
77,0,36,11.0,10000,CN,0,summer,110000.0
78,0,55,8.0,100,CN,0,summer,800.0
79,0,35,5.83,10000,CN,1,summer,58300.0
80,0,63,8.0,1000,CN,0,summer,8000.0
81,0,31,5.77,100,CN,1,summer,577.0
82,0,30,5.9,10000,CN,0,summer,59000.0
83,0,43,6.0,100,CN,0,summer,600.0
84,0,35,7.0,50000,CN,1,summer,350000.0
85,0,48,8.0,10000,CN,1,summer,80000.0
86,0,13,12.0,1000,CN,0,summer,12000.0
87,0,29,5.78,20000,CN,1,summer,115600.0
88,0,43,12.0,5000,CN,0,summer,60000.0
89,0,35,11.0,20000,CN,1,summer,220000.0
90,0,43,8.0,100,CN,0,summer,800.0
91,0,41,11.0,100,CN,1,summer,1100.0
92,0,46,5.77,100000,CN,0,summer,577000.0
93,0,20,9.0,20000,CN,0,summer,180000.0
94,0,48,1.72,100,CN,1,summer,172.0
95,0,40,1.86,100,CN,1,summer,186.0
96,0,36,14.0,100,CN,1,summer,1400.0
97,0,24,3.69,1000,CN,0,summer,3690.0
98,0,43,5.79,1000,CN,0,summer,5790.0
99,0,45,11.0,100,CN,1,summer,1100.0
100,0,26,9.0,100,CN,1,summer,900.0
101,0,43,6.0,10000,CN,0,summer,60000.0
102,0,36,20.0,100,CN,1,summer,2000.0
103,0,42,5.66,5000,CN,0,summer,28300.0
104,0,33,8.0,100,CN,0,summer,800.0
105,0,39,8.0,1000,CN,1,summer,8000.0
106,0,35,6.0,1000,CN,1,summer,6000.0
107,0,23,11.0,5000,CN,0,summer,55000.0
108,0,26,7.0,1000,CN,1,summer,7000.0
109,0,31,11.0,10000,CN,0,summer,110000.0
110,0,41,5.8100000000000005,100,CN,0,summer,581.0
111,0,26,14.0,10000,CN,0,summer,140000.0
112,0,36,5.0,10,CN,0,summer,50.0
113,0,22,5.0,100,CN,1,summer,500.0
114,0,21,11.0,1000,CN,0,summer,11000.0
115,0,32,12.0,10,CN,0,summer,120.0
116,0,109,5.68,10,CN,0,summer,56.8
117,0,32,11.0,100,VE,1,summer,1100.0
118,0,52,17.0,10000,CN,0,summer,170000.0
119,0,40,7.0,100,CN,0,summer,700.0
120,0,35,12.0,50,CN,1,summer,600.0
121,0,41,7.0,100,CN,0,summer,700.0
122,0,41,7.0,50,CN,0,summer,350.0
123,0,41,11.0,1000,CN,0,summer,11000.0
124,0,42,12.0,100,CN,0,summer,1200.0
125,0,43,13.0,5000,CN,0,summer,65000.0
126,0,33,2.72,1,CN,0,summer,2.72
127,0,33,6.0,20000,CN,1,summer,120000.0
128,0,19,9.0,100,US,1,summer,900.0
129,0,47,5.0,50,CN,0,summer,250.0
130,0,30,5.86,1000,CN,0,summer,5860.0
131,0,23,2.0,10000,CN,1,summer,20000.0
132,0,41,7.0,5000,CN,0,summer,35000.0
133,0,35,5.66,100,CN,0,summer,566.0
134,0,43,13.0,5000,CN,0,summer,65000.0
135,0,28,8.0,5000,CN,1,summer,40000.0
136,0,35,11.0,1000,CN,1,summer,11000.0
137,0,31,8.0,20000,CN,0,summer,160000.0
138,0,58,16.0,100,CN,1,summer,1600.0
139,0,42,11.0,100,CN,0,summer,1100.0
140,0,25,11.0,5000,CN,0,summer,55000.0
141,0,32,8.0,20000,CN,0,summer,160000.0
142,0,41,14.0,1000,CN,1,summer,14000.0
143,0,127,7.0,100,CN,0,summer,700.0
144,0,50,12.0,20000,CN,1,summer,240000.0
145,0,132,7.0,1000,CN,0,summer,7000.0
146,0,26,2.0,100,CN,1,summer,200.0
147,0,18,6.0,100,CN,1,summer,600.0
148,0,38,8.0,1000,CN,1,summer,8000.0
149,0,125,8.0,20000,CN,0,summer,160000.0
150,0,43,8.0,5000,CN,0,summer,40000.0
151,0,30,11.0,1000,CN,1,summer,11000.0
152,0,45,3.66,5000,CN,0,summer,18300.0
153,0,40,1.68,100,CN,1,summer,168.0
154,0,29,13.0,100,CN,0,summer,1300.0
155,0,43,13.0,1000,CN,1,summer,13000.0
156,0,16,11.0,100,US,1,summer,1100.0
157,0,44,7.0,1000,CN,0,summer,7000.0
158,0,39,4.8100000000000005,10000,CN,0,summer,48100.00000000001
159,0,55,9.0,5000,US,0,summer,45000.0
160,0,51,18.0,100,CN,0,summer,1800.0
161,0,41,7.0,5000,CN,1,summer,35000.0
162,0,34,16.0,10,CN,0,summer,160.0
163,0,40,5.0,1000,CN,1,summer,5000.0
164,0,30,1.68,1000,CN,1,summer,1680.0
165,0,49,7.0,100,CN,1,summer,700.0
166,0,8,6.0,50,CN,0,summer,300.0
167,0,12,13.0,1000,CN,1,summer,13000.0
168,0,52,11.0,100,CN,0,summer,1100.0
169,0,46,7.0,5000,CN,0,summer,35000.0
170,0,38,12.0,100,CN,0,summer,1200.0
171,0,74,6.0,100,US,0,summer,600.0
172,0,49,6.0,5000,CN,0,summer,30000.0
173,0,28,8.0,100,CN,1,summer,800.0
174,0,32,8.0,100,CN,0,summer,800.0
175,0,137,11.0,1000,CN,0,summer,11000.0
176,0,55,6.0,5000,CN,0,summer,30000.0
177,0,42,11.0,1000,CN,1,summer,11000.0
178,0,35,9.0,100,CN,1,summer,900.0
179,0,40,8.0,100,CN,0,summer,800.0
180,0,38,3.78,1000,Not Specified,1,summer,3780.0
181,0,124,8.0,100,CN,0,summer,800.0
182,0,49,6.0,100,CN,1,summer,600.0
183,0,32,8.0,1000,CN,0,summer,8000.0
184,0,42,9.0,20000,CN,0,summer,180000.0
185,0,65,5.65,5000,CN,1,summer,28250.0
186,0,36,3.0,100,CN,0,summer,300.0
187,0,23,8.0,50,CN,0,summer,400.0
188,0,43,5.74,1000,CN,0,summer,5740.0
189,0,8,5.0,10,CN,0,summer,50.0
190,0,38,8.0,20000,CN,1,summer,160000.0
191,0,138,3.67,10000,CN,1,summer,36700.0
192,0,132,7.0,1000,CN,0,summer,7000.0
193,0,33,8.0,5000,CN,1,summer,40000.0
194,0,41,11.0,1000,CN,0,summer,11000.0
195,0,42,8.0,50,CN,0,summer,400.0
196,0,35,22.0,1000,CN,1,summer,22000.0
197,0,41,8.0,10000,CN,1,summer,80000.0
198,0,47,19.0,1000,CN,1,summer,19000.0
199,0,39,11.0,1000,CN,0,summer,11000.0
200,0,37,6.0,1000,CN,0,summer,6000.0
201,0,41,7.0,5000,CN,1,summer,35000.0
202,0,20,7.0,10000,CN,1,summer,70000.0
203,0,17,8.0,100,CN,0,summer,800.0
204,0,39,14.0,100,CN,0,summer,1400.0
205,0,38,6.0,100,CN,1,summer,600.0
206,0,79,11.0,5000,CN,0,summer,55000.0
207,0,34,6.0,5000,CN,0,summer,30000.0
208,0,42,7.0,5000,CN,0,summer,35000.0
209,0,32,6.0,10000,CN,1,summer,60000.0
210,0,45,7.0,10000,CN,0,summer,70000.0
211,0,36,9.0,1000,CN,1,summer,9000.0
212,0,23,8.0,50,CN,0,summer,400.0
213,0,27,11.0,100,CN,1,summer,1100.0
214,0,38,8.0,100000,CN,1,summer,800000.0
215,0,39,18.0,10000,CN,0,summer,180000.0
216,0,78,11.0,10,CN,0,summer,110.0
217,0,39,4.83,50,VE,1,summer,241.5
218,0,37,8.0,100,CN,1,summer,800.0
219,0,38,5.85,1000,CN,1,summer,5850.0
220,0,27,11.0,100,CN,1,summer,1100.0
221,0,39,9.0,100,CN,1,summer,900.0
222,0,40,15.0,1000,CN,0,summer,15000.0
223,0,39,5.0,1000,CN,0,summer,5000.0
224,0,41,8.0,100,CN,1,summer,800.0
225,0,51,5.69,5000,US,0,summer,28450.000000000004
226,0,23,6.0,100,CN,0,summer,600.0
227,0,41,8.0,5000,CN,1,summer,40000.0
228,0,41,6.0,5000,CN,1,summer,30000.0
229,0,37,11.0,100,CN,0,summer,1100.0
230,0,27,1.72,100,CN,1,summer,172.0
231,0,37,5.78,10000,CN,0,summer,57800.0
232,0,48,11.0,5000,CN,0,summer,55000.0
233,0,24,12.0,1000,CN,0,summer,12000.0
234,0,41,8.0,1000,CN,0,summer,8000.0
235,0,33,1.89,100,CN,0,summer,189.0
236,0,43,12.0,1000,CN,0,summer,12000.0
237,0,20,6.0,10000,CN,1,summer,60000.0
238,0,18,4.0,5000,CN,1,summer,20000.0
239,0,43,7.0,100,CN,0,summer,700.0
240,0,21,8.0,100,CN,0,summer,800.0
241,0,45,5.0,100,CN,0,summer,500.0
242,0,48,5.84,10000,CN,0,summer,58400.0
243,0,44,8.0,10000,CN,0,summer,80000.0
244,0,40,19.0,5000,CN,0,summer,95000.0
245,0,42,11.0,100,CN,1,summer,1100.0
246,0,25,3.85,50,CN,0,summer,192.5
247,0,25,9.0,1000,CN,1,summer,9000.0
248,0,38,8.0,7,CN,0,summer,56.0
249,0,36,11.0,1000,CN,0,summer,11000.0
250,0,40,6.0,20000,CN,1,summer,120000.0
251,0,41,5.0,100000,CN,0,summer,500000.0
252,0,36,16.0,100,CN,1,summer,1600.0
253,0,28,13.0,100,CN,0,summer,1300.0
254,0,40,9.0,100,CN,1,summer,900.0
255,0,104,7.0,100,CN,1,summer,700.0
256,0,40,6.0,20000,CN,0,summer,120000.0
257,0,35,8.0,10000,CN,1,summer,80000.0
258,0,43,4.7,100,CN,1,summer,470.0
259,0,45,4.0,10000,CN,1,summer,40000.0
260,0,41,8.0,5000,CN,1,summer,40000.0
261,0,43,16.0,1000,CN,1,summer,16000.0
262,0,80,11.0,100,CN,0,summer,1100.0
263,0,43,5.77,10000,CN,0,summer,57699.99999999999
264,0,37,8.0,10000,CN,0,summer,80000.0
265,0,40,14.0,100,CN,0,summer,1400.0
266,0,40,6.0,100,CN,0,summer,600.0
267,0,42,13.0,100,CN,1,summer,1300.0
268,0,43,11.0,20000,CN,0,summer,220000.0
269,0,48,4.0,5000,CN,0,summer,20000.0
270,0,44,5.77,1000,CN,0,summer,5770.0
271,0,41,9.0,20000,CN,0,summer,180000.0
272,0,42,11.0,10000,CN,1,summer,110000.0
273,0,139,7.0,50,CN,0,summer,350.0
274,0,51,9.0,1000,CN,1,summer,9000.0
275,0,43,5.8100000000000005,1000,CN,1,summer,5810.000000000001
276,0,54,11.0,100,CN,0,summer,1100.0
277,0,37,11.0,20000,CN,0,summer,220000.0
278,0,42,8.0,5000,CN,1,summer,40000.0
279,0,46,11.0,10000,CN,0,summer,110000.0
280,0,24,6.0,5000,CN,0,summer,30000.0
281,0,41,5.0,5000,CN,0,summer,25000.0
282,0,38,6.0,5000,CN,1,summer,30000.0
283,0,43,8.0,5000,CN,1,summer,40000.0
284,0,35,13.0,100,CN,0,summer,1300.0
285,0,68,11.0,100,CN,0,summer,1100.0
286,0,43,5.65,10000,CN,0,summer,56500.0
287,0,39,4.83,50,VE,1,summer,241.5
288,0,43,8.0,10000,CN,0,summer,80000.0
289,0,34,3.0,100,CN,1,summer,300.0
290,0,25,8.0,50,CN,0,summer,400.0
291,0,18,13.0,10000,CN,0,summer,130000.0
292,0,35,11.0,5000,CN,0,summer,55000.0
293,0,37,7.0,10,CN,0,summer,70.0
294,0,29,5.0,5000,CN,0,summer,25000.0
295,0,39,6.0,1000,CN,0,summer,6000.0
296,0,42,13.0,100,CN,1,summer,1300.0
297,0,49,3.0,20000,CN,1,summer,60000.0
298,0,43,12.0,5000,CN,0,summer,60000.0
299,0,38,11.0,100,CN,1,summer,1100.0
300,0,43,8.0,10000,CN,0,summer,80000.0
301,0,38,5.85,1000,CN,1,summer,5850.0
302,0,27,6.0,100,CN,0,summer,600.0
303,0,71,9.0,1000,US,0,summer,9000.0
304,0,24,8.0,1000,CN,0,summer,8000.0
305,0,41,5.0,100,CN,0,summer,500.0
306,0,23,8.0,50,CN,0,summer,400.0
307,0,41,9.0,20000,CN,1,summer,180000.0
308,0,28,8.0,10000,CN,1,summer,80000.0
309,0,47,4.8100000000000005,100,CN,1,summer,481.00000000000006
310,0,31,14.0,100,CN,1,summer,1400.0
311,0,25,8.0,50,CN,0,summer,400.0
312,0,33,8.0,100,CN,0,summer,800.0
313,0,43,7.0,100,CN,1,summer,700.0
314,0,40,3.0,100,CN,0,summer,300.0
315,0,38,8.0,1000,CN,0,summer,8000.0
316,0,20,8.0,100,CN,0,summer,800.0
317,0,14,12.0,5000,CN,0,summer,60000.0
318,0,43,11.0,100,CN,1,summer,1100.0
319,0,35,8.0,100,CN,1,summer,800.0
320,0,38,8.0,100,CN,0,summer,800.0
321,0,41,6.0,1000,CN,0,summer,6000.0
322,0,70,11.0,100,CN,0,summer,1100.0
323,0,28,8.0,100,CN,1,summer,800.0
324,0,36,8.0,1000,CN,0,summer,8000.0
325,0,44,9.0,10000,CN,1,summer,90000.0
326,0,41,14.0,10,CN,0,summer,140.0
327,0,19,13.0,5000,CN,1,summer,65000.0
328,0,43,4.84,100,CN,1,summer,484.0
329,0,43,5.0,1000,CN,0,summer,5000.0
330,0,40,14.0,5000,CN,1,summer,70000.0
331,0,27,3.0,100,CN,1,summer,300.0
332,0,47,7.0,10000,CN,0,summer,70000.0
333,0,29,5.0,50000,CN,0,summer,250000.0
334,0,22,9.0,100,US,0,summer,900.0
335,0,138,9.0,1000,CN,1,summer,9000.0
336,0,15,8.0,1000,CN,0,summer,8000.0
337,0,19,11.0,2,CN,0,summer,22.0
338,0,27,19.0,5000,CN,0,summer,95000.0
339,0,39,8.0,10000,CN,0,summer,80000.0
340,0,32,7.0,10000,CN,0,summer,70000.0
341,0,26,9.0,100,CN,1,summer,900.0
342,0,29,12.0,5000,CN,0,summer,60000.0
343,0,21,8.0,100,CN,0,summer,800.0
344,0,43,7.0,1000,CN,0,summer,7000.0
345,0,41,8.0,1000,CN,1,summer,8000.0
346,0,10,8.0,10,CN,1,summer,80.0
347,0,39,11.0,20000,CN,0,summer,220000.0
348,0,33,11.0,1,CN,0,summer,11.0
349,0,38,3.7,100,CN,1,summer,370.0
350,0,37,14.0,5000,CN,1,summer,70000.0
351,0,38,11.0,5000,CN,1,summer,55000.0
352,0,27,18.0,1000,CN,1,summer,18000.0
353,0,38,12.0,20000,CN,1,summer,240000.0
354,0,43,14.0,1000,CN,1,summer,14000.0
355,0,41,8.0,50,CN,0,summer,400.0
356,0,45,1.77,10000,CN,1,summer,17700.0
357,0,44,3.73,5000,CN,0,summer,18650.0
358,0,43,8.0,100,CN,0,summer,800.0
359,0,42,18.0,5000,CN,1,summer,90000.0
360,0,48,4.0,100,CN,1,summer,400.0
361,0,41,5.68,10000,CN,0,summer,56800.0
362,0,43,14.0,5000,CN,1,summer,70000.0
363,0,35,1.75,50,CN,1,summer,87.5
364,0,43,14.0,100,CN,1,summer,1400.0
365,0,25,8.0,1000,CN,1,summer,8000.0
366,0,41,6.0,10000,CN,0,summer,60000.0
367,0,24,5.89,5000,CN,0,summer,29450.0
368,0,39,5.0,1000,CN,1,summer,5000.0
369,0,38,2.71,20000,CN,0,summer,54200.0
370,0,42,11.0,100,CN,0,summer,1100.0
371,0,44,16.0,100,CN,0,summer,1600.0
372,0,37,7.0,5000,CN,0,summer,35000.0
373,0,44,4.0,50,CN,1,summer,200.0
374,0,41,6.0,100,CN,1,summer,600.0
375,0,48,8.0,10,CN,0,summer,80.0
376,0,50,4.0,100,CN,1,summer,400.0
377,0,41,11.0,10000,CN,0,summer,110000.0
378,0,41,12.0,5000,CN,0,summer,60000.0
379,0,17,11.0,1000,CN,0,summer,11000.0
380,0,22,1.91,10000,CN,0,summer,19100.0
381,0,45,5.7,50000,CN,0,summer,285000.0
382,0,40,8.0,5000,CN,0,summer,40000.0
383,0,43,9.0,1000,CN,0,summer,9000.0
384,0,33,5.72,100,CN,0,summer,572.0
385,0,41,2.0,100,CN,0,summer,200.0
386,0,43,9.0,1000,CN,0,summer,9000.0
387,0,42,15.0,10,CN,0,summer,150.0
388,0,36,20.0,50,CN,0,summer,1000.0
389,0,42,6.0,1000,CN,1,summer,6000.0
390,0,38,3.0,1000,CN,1,summer,3000.0
391,0,31,9.0,10000,CN,0,summer,90000.0
392,0,42,8.0,10000,CN,1,summer,80000.0
393,0,38,12.0,100,US,1,summer,1200.0
394,0,41,11.0,100,CN,1,summer,1100.0
395,0,43,9.0,100,CN,1,summer,900.0
396,0,34,7.0,1000,CN,0,summer,7000.0
397,0,43,5.92,100,CN,1,summer,592.0
398,0,9,8.0,1000,CN,0,summer,8000.0
399,0,46,11.0,100,CN,1,summer,1100.0
400,0,38,8.0,10000,CN,1,summer,80000.0
401,0,38,15.0,50000,CN,1,summer,750000.0
402,0,23,8.0,20000,CN,1,summer,160000.0
403,0,23,1.68,1000,CN,1,summer,1680.0
404,0,26,24.0,1000,CN,1,summer,24000.0
405,0,32,5.65,100,CN,0,summer,565.0
406,0,139,13.0,100,US,0,summer,1300.0
407,0,40,16.0,100,CN,0,summer,1600.0
408,0,24,5.83,100,CN,0,summer,583.0
409,0,31,7.0,5000,CN,0,summer,35000.0
410,0,43,8.0,5000,CN,1,summer,40000.0
411,0,43,14.0,5000,CN,1,summer,70000.0
412,0,20,5.65,5000,CN,0,summer,28250.0
413,0,20,1.8,1000,CN,1,summer,1800.0
414,0,41,7.0,100,CN,1,summer,700.0
415,0,35,1.75,50,CN,1,summer,87.5
416,0,42,9.0,1000,CN,0,summer,9000.0
417,0,139,12.0,1000,CN,0,summer,12000.0
418,0,31,8.0,1000,CN,0,summer,8000.0
419,0,45,5.0,100,CN,0,summer,500.0
420,0,41,11.0,1000,CN,1,summer,11000.0
421,0,31,8.0,10000,CN,0,summer,80000.0
422,0,24,7.0,100,CN,0,summer,700.0
423,0,43,6.0,1000,CN,0,summer,6000.0
424,0,55,6.0,1000,CN,1,summer,6000.0
425,0,41,13.0,100,CN,1,summer,1300.0
426,0,41,7.0,1000,CN,1,summer,7000.0
427,0,30,13.0,1000,CN,1,summer,13000.0
428,0,22,12.0,50,CN,0,summer,600.0
429,0,38,5.71,1000,CN,1,summer,5710.0
430,0,43,11.0,100,CN,1,summer,1100.0
431,0,8,3.79,20000,CN,0,summer,75800.0
432,0,23,8.0,100,CN,0,summer,800.0
433,0,38,2.0,20000,CN,0,summer,40000.0
434,0,38,6.0,1000,CN,0,summer,6000.0
435,0,20,6.0,50,CN,0,summer,300.0
436,0,43,13.0,100,CN,0,summer,1300.0
437,0,43,8.0,1000,CN,1,summer,8000.0
438,0,140,7.0,100,AT,0,summer,700.0
439,0,54,11.0,5000,CN,0,summer,55000.0
440,0,43,11.0,1000,CN,0,summer,11000.0
441,0,44,8.0,5000,CN,1,summer,40000.0
442,0,38,1.65,1000,CN,1,summer,1650.0
443,0,43,8.0,10000,CN,0,summer,80000.0
444,0,43,12.0,1000,CN,1,summer,12000.0
445,0,30,9.0,10000,CN,1,summer,90000.0
446,0,43,8.0,20000,CN,0,summer,160000.0
447,0,36,5.0,10,CN,0,summer,50.0
448,0,36,11.0,100,CN,1,summer,1100.0
449,0,21,11.0,1000,CN,0,summer,11000.0
450,0,41,9.0,5000,CN,0,summer,45000.0
451,0,42,7.0,10000,CN,0,summer,70000.0
452,0,38,6.0,100,CN,0,summer,600.0
453,0,43,7.0,100,CN,0,summer,700.0
454,0,38,1.65,1000,CN,1,summer,1650.0
455,0,45,11.0,20000,CN,1,summer,220000.0
456,0,40,11.0,1000,CN,1,summer,11000.0
457,0,47,7.0,1000,CN,0,summer,7000.0
458,0,41,8.0,1000,CN,0,summer,8000.0
459,0,41,15.0,5000,CN,0,summer,75000.0
460,0,74,9.0,100,CN,0,summer,900.0
461,0,17,7.0,10000,CN,0,summer,70000.0
462,0,47,11.0,100,CN,1,summer,1100.0
463,0,20,6.0,1000,CN,0,summer,6000.0
464,0,23,8.0,100,CN,0,summer,800.0
465,0,25,2.0,100,CN,1,summer,200.0
466,0,51,8.0,100,CN,0,summer,800.0
467,0,80,22.0,1000,CN,0,summer,22000.0
468,0,42,11.0,1000,CN,0,summer,11000.0
469,0,50,6.0,1000,CN,1,summer,6000.0
470,0,40,6.0,5000,CN,0,summer,30000.0
471,0,42,9.0,100,CN,1,summer,900.0
472,0,36,12.0,20000,CN,1,summer,240000.0
473,0,38,6.0,20000,CN,1,summer,120000.0
474,0,45,9.0,5000,CN,0,summer,45000.0
475,0,82,18.0,100,CN,0,summer,1800.0
476,0,52,11.0,5000,CN,0,summer,55000.0
477,0,52,13.0,1000,US,0,summer,13000.0
478,0,42,11.0,20000,CN,1,summer,220000.0
479,0,20,11.0,1000,CN,0,summer,11000.0
480,0,43,11.0,100,CN,0,summer,1100.0
481,0,41,9.0,50,CN,0,summer,450.0
482,0,8,6.0,50,CN,0,summer,300.0
483,0,20,2.83,20000,SG,1,summer,56600.0
484,0,41,7.0,5000,CN,0,summer,35000.0
485,0,51,15.0,100,CN,1,summer,1500.0
486,0,40,14.0,5000,CN,1,summer,70000.0
487,0,22,12.0,10,CN,0,summer,120.0
488,0,41,5.8100000000000005,100,CN,0,summer,581.0
489,0,34,16.0,100,CN,1,summer,1600.0
490,0,45,7.0,100,CN,0,summer,700.0
491,0,40,8.0,1000,CN,0,summer,8000.0
492,0,42,12.0,10000,CN,0,summer,120000.0
493,0,40,11.0,1000,CN,1,summer,11000.0
494,0,83,11.0,1000,CN,0,summer,11000.0
495,0,39,5.69,5000,CN,0,summer,28450.000000000004
496,0,38,12.0,100,CN,1,summer,1200.0
497,0,127,7.0,100,CN,0,summer,700.0
498,0,40,7.0,50000,Not Specified,1,summer,350000.0
499,0,138,5.66,10000,CN,1,summer,56600.0
500,0,47,8.0,20000,CN,0,summer,160000.0
501,0,50,5.0,10000,CN,1,summer,50000.0
502,0,31,14.0,5000,CN,0,summer,70000.0
503,0,43,6.0,1000,CN,0,summer,6000.0
504,0,31,8.0,10000,CN,0,summer,80000.0
505,0,24,5.83,100,CN,0,summer,583.0
506,0,70,11.0,1000,CN,0,summer,11000.0
507,0,40,1.85,100,Not Specified,0,summer,185.0
508,0,41,9.0,5000,CN,1,summer,45000.0
509,0,36,8.0,10000,CN,1,summer,80000.0
510,0,38,3.0,50000,CN,0,summer,150000.0
511,0,38,6.0,5000,CN,1,summer,30000.0
512,0,20,3.86,50,CN,0,summer,193.0
513,0,42,9.0,5000,CN,0,summer,45000.0
514,0,24,5.89,5000,CN,0,summer,29450.0
515,0,36,11.0,1000,CN,0,summer,11000.0
516,0,38,8.0,20000,CN,1,summer,160000.0
517,0,19,8.0,10000,CN,1,summer,80000.0
518,0,33,11.0,10,CN,0,summer,110.0
519,0,33,11.0,10,CN,0,summer,110.0
520,0,41,8.0,100,CN,0,summer,800.0
521,0,40,2.0,50,CN,0,summer,100.0
522,0,48,5.66,100,CN,1,summer,566.0
523,0,26,9.0,100,CN,0,summer,900.0
524,0,39,8.0,100,CN,1,summer,800.0
525,0,43,9.0,1000,CN,0,summer,9000.0
526,0,43,2.76,1000,CN,1,summer,2760.0
527,0,38,3.83,100,CN,0,summer,383.0
528,0,43,7.0,10000,CN,1,summer,70000.0
529,0,43,6.0,1000,CN,0,summer,6000.0
530,0,48,8.0,100,CN,0,summer,800.0
531,0,42,8.0,1000,CN,1,summer,8000.0
532,0,30,2.66,100,CN,1,summer,266.0
533,0,47,8.0,20000,CN,0,summer,160000.0
534,0,42,8.0,1000,CN,1,summer,8000.0
535,0,111,3.67,5000,CN,0,summer,18350.0
536,0,38,12.0,20000,CN,0,summer,240000.0
537,0,43,13.0,20000,CN,1,summer,260000.0
538,0,26,9.0,5000,CN,1,summer,45000.0
539,0,36,9.0,50,CN,1,summer,450.0
540,0,14,8.0,100,CN,0,summer,800.0
541,0,30,12.0,10000,CN,0,summer,120000.0
542,0,43,5.0,100,CN,1,summer,500.0
543,0,31,6.0,5000,CN,0,summer,30000.0
544,0,27,14.0,1000,CN,0,summer,14000.0
545,0,43,8.0,5000,CN,0,summer,40000.0
546,0,42,8.0,20000,CN,1,summer,160000.0
547,0,40,8.0,20000,Not Specified,0,summer,160000.0
548,0,10,18.0,20000,CN,0,summer,360000.0
549,0,28,3.93,100,CN,0,summer,393.0
550,0,55,11.0,100,CN,1,summer,1100.0
551,0,38,6.0,100,CN,1,summer,600.0
552,0,31,8.0,1000,CN,0,summer,8000.0
553,0,41,11.0,100,CN,1,summer,1100.0
554,0,37,7.0,5000,CN,0,summer,35000.0
555,0,25,12.0,100,CN,1,summer,1200.0
556,0,35,11.0,100,CN,1,summer,1100.0
557,0,42,11.0,100,CN,0,summer,1100.0
558,0,27,3.0,50,CN,0,summer,150.0
559,0,40,5.0,5000,CN,1,summer,25000.0
560,0,41,9.0,1000,CN,0,summer,9000.0
561,0,26,8.0,1000,CN,0,summer,8000.0
562,0,39,9.0,20000,CN,1,summer,180000.0
563,0,41,11.0,20000,CN,0,summer,220000.0
564,0,60,11.0,20000,CN,0,summer,220000.0
565,0,37,7.0,10000,CN,0,summer,70000.0
566,0,20,3.93,100,SG,1,summer,393.0
567,0,23,7.0,100,CN,1,summer,700.0
568,0,23,8.0,100,CN,0,summer,800.0
569,0,41,7.0,5000,CN,0,summer,35000.0
570,0,35,3.7,10,CN,0,summer,37.0
571,0,43,8.0,100,CN,0,summer,800.0
572,0,31,8.0,1000,CN,0,summer,8000.0
573,0,39,3.94,100,CN,0,summer,394.0
574,0,32,15.0,1000,CN,0,summer,15000.0
575,0,36,5.0,1000,CN,1,summer,5000.0
576,0,31,5.77,100,CN,1,summer,577.0
577,0,25,4.67,100,CN,1,summer,467.0
578,0,80,11.0,100,CN,0,summer,1100.0
579,0,20,5.9,5000,CN,0,summer,29500.0
580,0,38,3.7,100,CN,1,summer,370.0
581,0,39,5.0,1000,CN,1,summer,5000.0
582,0,20,9.0,5000,CN,0,summer,45000.0
583,0,41,16.0,100,CN,0,summer,1600.0
584,0,49,6.0,10000,CN,0,summer,60000.0
585,0,28,16.0,1000,CN,0,summer,16000.0
586,0,22,3.76,1000,CN,0,summer,3760.0
587,0,57,8.0,1000,CN,1,summer,8000.0
588,0,26,11.0,100,CN,1,summer,1100.0
589,0,40,8.0,100,CN,1,summer,800.0
590,0,42,12.0,1000,CN,0,summer,12000.0
591,0,43,8.0,5000,CN,1,summer,40000.0
592,0,18,11.0,100,CN,1,summer,1100.0
593,0,48,5.0,10000,CN,0,summer,50000.0
594,0,45,5.0,1000,CN,1,summer,5000.0
595,0,35,7.0,1000,CN,1,summer,7000.0
596,0,38,8.0,5000,CN,1,summer,40000.0
597,0,40,15.0,3,CN,0,summer,45.0
598,0,13,12.0,1000,CN,0,summer,12000.0
599,0,56,7.0,100,CN,0,summer,700.0
600,0,38,13.0,5000,CN,1,summer,65000.0
601,0,42,9.0,100,CN,0,summer,900.0
602,0,35,5.0,100,CN,0,summer,500.0
603,0,40,14.0,1000,CN,1,summer,14000.0
604,0,54,7.0,10000,CN,1,summer,70000.0
605,0,41,13.0,10000,CN,1,summer,130000.0
606,0,35,2.0,1000,CN,1,summer,2000.0
607,0,35,4.73,100,CN,1,summer,473.00000000000006
608,0,39,11.0,20000,CN,0,summer,220000.0
609,0,34,8.0,5000,CN,1,summer,40000.0
610,0,40,4.74,5000,CN,0,summer,23700.0
611,0,30,8.0,10000,CN,0,summer,80000.0
612,0,23,8.0,100,CN,0,summer,800.0
613,0,35,8.0,100,CN,0,summer,800.0
614,0,26,5.95,100,US,1,summer,595.0
615,0,81,3.65,100,CN,1,summer,365.0
616,0,43,2.81,5000,CN,0,summer,14050.0
617,0,41,4.66,10000,CN,0,summer,46600.0
618,0,8,5.0,10,CN,0,summer,50.0
619,0,41,5.0,1000,CN,1,summer,5000.0
620,0,40,8.0,100,CN,1,summer,800.0
621,0,43,13.0,1000,CN,1,summer,13000.0
622,0,36,8.0,5000,CN,0,summer,40000.0
623,0,45,8.0,100,CN,0,summer,800.0
624,0,44,7.0,100,CN,0,summer,700.0
625,0,32,12.0,1000,CN,1,summer,12000.0
626,0,45,5.0,1000,CN,1,summer,5000.0
627,0,44,13.0,1000,US,1,summer,13000.0
628,0,43,14.0,10000,CN,0,summer,140000.0
629,0,39,7.0,10000,CN,1,summer,70000.0
630,0,43,6.0,20000,CN,1,summer,120000.0
631,0,43,8.0,5000,CN,1,summer,40000.0
632,0,40,5.0,100,Not Specified,0,summer,500.0
633,0,42,11.0,100,CN,1,summer,1100.0
634,0,43,5.65,10,CN,0,summer,56.5
635,0,90,3.76,50,CN,0,summer,188.0
636,0,27,7.0,100,CN,1,summer,700.0
637,0,138,4.67,10000,CN,1,summer,46700.0
638,0,80,11.0,100,CN,0,summer,1100.0
639,0,44,2.8,100,CN,1,summer,280.0
640,0,55,16.0,10,CN,1,summer,160.0
641,0,107,9.0,100,CN,0,summer,900.0
642,0,43,7.0,5000,CN,1,summer,35000.0
643,0,26,16.0,100,CN,0,summer,1600.0
644,0,61,9.0,50,US,0,summer,450.0
645,0,43,3.0,100,CN,1,summer,300.0
646,0,38,6.0,5000,CN,1,summer,30000.0
647,0,38,12.0,1000,CN,0,summer,12000.0
648,0,41,6.0,100,CN,0,summer,600.0
649,0,41,13.0,1000,CN,0,summer,13000.0
650,0,64,9.0,5000,CN,1,summer,45000.0
651,0,43,9.0,20000,CN,0,summer,180000.0
652,0,13,5.0,100,CN,0,summer,500.0
653,0,39,16.0,100,CN,0,summer,1600.0
654,0,43,11.0,20000,CN,1,summer,220000.0
655,0,41,2.0,100,CN,0,summer,200.0
656,0,43,8.0,100,CN,0,summer,800.0
657,0,45,7.0,10000,CN,0,summer,70000.0
658,0,42,14.0,1000,CN,0,summer,14000.0
659,0,43,12.0,5000,CN,0,summer,60000.0
660,0,22,7.0,100,CN,0,summer,700.0
661,1,41,8.0,100,CN,0,summer,800.0
662,0,37,8.0,1000,CN,0,summer,8000.0
663,0,17,14.0,1000,CN,0,summer,14000.0
664,0,18,6.0,5000,CN,0,summer,30000.0
665,0,35,11.0,20000,CN,1,summer,220000.0
666,0,43,8.0,1000,CN,1,summer,8000.0
667,0,22,14.0,10,CN,1,summer,140.0
668,0,54,5.0,100,CN,0,summer,500.0
669,0,33,11.0,100,CN,0,summer,1100.0
670,0,43,4.8100000000000005,3,CN,0,summer,14.430000000000001
671,0,34,9.0,100,CN,0,summer,900.0
672,0,62,11.0,10,US,0,summer,110.0
673,0,58,12.0,1000,CN,1,summer,12000.0
674,0,18,6.0,1000,CN,0,summer,6000.0
675,0,67,3.87,100,CN,1,summer,387.0
676,0,47,5.0,50,CN,0,summer,250.0
677,0,18,11.0,1000,CN,0,summer,11000.0
678,0,31,8.0,10000,CN,0,summer,80000.0
679,0,40,5.0,100,Not Specified,0,summer,500.0
680,0,39,14.0,100,CN,1,summer,1400.0
681,0,38,3.0,1000,CN,1,summer,3000.0
682,0,41,9.0,10000,CN,1,summer,90000.0
683,0,38,3.83,100,CN,0,summer,383.0
684,0,38,6.0,100,CN,1,summer,600.0
685,0,24,9.0,5000,CN,0,summer,45000.0
686,0,18,12.0,10000,CN,0,summer,120000.0
687,0,41,7.0,5000,CN,0,summer,35000.0
688,0,35,11.0,10000,CN,1,summer,110000.0
689,0,90,3.76,50,CN,0,summer,188.0
690,0,109,11.0,1000,CN,0,summer,11000.0
691,0,33,11.0,1000,CN,0,summer,11000.0
692,0,45,13.0,20000,CN,0,summer,260000.0
693,0,43,5.77,100,CN,0,summer,577.0
694,0,24,5.0,100,CN,0,summer,500.0
695,0,30,11.0,5000,CN,0,summer,55000.0
696,0,49,6.0,100,CN,0,summer,600.0
697,0,41,5.0,1000,CN,0,summer,5000.0
698,0,8,6.0,50,CN,0,summer,300.0
699,0,137,8.0,1000,CN,1,summer,8000.0
700,0,41,11.0,1000,CN,1,summer,11000.0
701,0,54,5.0,100,CN,0,summer,500.0
702,0,23,7.0,1000,CN,1,summer,7000.0
703,0,11,12.0,10000,CN,0,summer,120000.0
704,0,41,2.0,100,CN,1,summer,200.0
705,0,25,4.0,100,CN,1,summer,400.0
706,0,60,11.0,10000,US,0,summer,110000.0
707,0,33,13.0,100,CN,0,summer,1300.0
708,0,40,6.0,10000,CN,0,summer,60000.0
709,0,28,12.0,100,CN,0,summer,1200.0
710,0,41,12.0,5000,CN,0,summer,60000.0
711,0,40,14.0,100,CN,1,summer,1400.0
712,0,139,11.0,100,CN,1,summer,1100.0
713,0,36,14.0,100,CN,0,summer,1400.0
714,0,41,9.0,1000,CN,0,summer,9000.0
715,0,26,11.0,100,CN,1,summer,1100.0
716,0,118,3.7,5000,CN,1,summer,18500.0
717,0,43,9.0,10000,CN,1,summer,90000.0
718,0,35,3.85,1000,CN,1,summer,3850.0
719,0,22,8.0,1000,CN,1,summer,8000.0
720,0,26,14.0,1000,CN,1,summer,14000.0
721,0,47,11.0,20000,CN,0,summer,220000.0
722,0,24,6.0,5000,CN,0,summer,30000.0
723,0,43,8.0,5000,CN,0,summer,40000.0
724,0,50,5.74,10000,CN,1,summer,57400.0
725,0,38,11.0,100,CN,1,summer,1100.0
726,0,42,2.0,1000,CN,1,summer,2000.0
727,0,63,8.0,1000,CN,0,summer,8000.0
728,0,58,8.0,1000,CN,1,summer,8000.0
729,0,35,2.0,1000,CN,0,summer,2000.0
730,0,24,11.0,5000,CN,0,summer,55000.0
731,0,37,11.0,20000,CN,0,summer,220000.0
732,0,10,8.0,10,CN,1,summer,80.0
733,0,41,5.0,5000,CN,1,summer,25000.0
734,0,81,9.0,100,CN,0,summer,900.0
735,0,43,9.0,5000,CN,0,summer,45000.0
736,0,40,7.0,100,CN,0,summer,700.0
737,0,41,9.0,20000,CN,0,summer,180000.0
738,0,44,11.0,5000,CN,1,summer,55000.0
739,0,30,2.0,100,CN,1,summer,200.0
740,0,32,14.0,20000,CN,1,summer,280000.0
741,0,33,7.0,10000,CN,0,summer,70000.0
742,0,41,8.0,10000,CN,1,summer,80000.0
743,0,37,13.0,10000,CN,1,summer,130000.0
744,0,35,12.0,50,CN,1,summer,600.0
745,0,31,8.0,10000,CN,0,summer,80000.0
746,0,43,8.0,8,CN,0,summer,64.0
747,0,31,11.0,1000,CN,1,summer,11000.0
748,0,45,5.0,100,CN,0,summer,500.0
749,0,32,5.75,100,CN,1,summer,575.0
750,0,48,8.0,5000,CN,1,summer,40000.0
751,0,40,7.0,100,CN,0,summer,700.0
752,0,45,6.0,50,CN,1,summer,300.0
753,0,41,11.0,20000,CN,1,summer,220000.0
754,0,23,5.65,1000,CN,1,summer,5650.0
755,0,41,8.0,5000,CN,0,summer,40000.0
756,0,20,5.0,5000,CN,0,summer,25000.0
757,0,45,11.0,10000,CN,1,summer,110000.0
758,1,41,49.0,100,CN,0,summer,4900.0
759,0,40,5.0,100,CN,1,summer,500.0
760,0,41,4.66,100,CN,1,summer,466.0
761,0,41,7.0,100,CN,1,summer,700.0
762,0,21,19.0,1000,CN,1,summer,19000.0
763,0,54,23.0,100,CN,0,summer,2300.0
764,0,39,9.0,100,CN,1,summer,900.0
765,0,43,6.0,1000,CN,0,summer,6000.0
766,0,40,14.0,100,CN,0,summer,1400.0
767,0,38,22.0,20000,CN,1,summer,440000.0
768,0,36,8.0,1000,CN,1,summer,8000.0
769,0,30,2.66,100,CN,1,summer,266.0
770,0,40,2.0,100,CN,0,summer,200.0
771,0,47,16.0,10000,CN,0,summer,160000.0
772,0,18,11.0,1000,CN,0,summer,11000.0
773,0,26,14.0,1000,CN,0,summer,14000.0
774,0,32,16.0,2,CN,0,summer,32.0
775,0,15,8.0,1000,CN,0,summer,8000.0
776,0,43,9.0,5000,CN,1,summer,45000.0
777,0,33,14.0,100,CN,0,summer,1400.0
778,0,36,11.0,10000,CN,1,summer,110000.0
779,0,36,15.0,1000,CN,0,summer,15000.0
780,0,44,4.0,50,CN,1,summer,200.0
781,0,139,5.75,10,CN,1,summer,57.5
782,0,28,9.0,1000,CN,1,summer,9000.0
783,0,24,6.0,1000,CN,0,summer,6000.0
784,0,21,8.0,10000,CN,0,summer,80000.0
785,0,58,5.73,1000,CN,1,summer,5730.0
786,0,18,8.0,20000,CN,0,summer,160000.0
787,0,33,11.0,1000,CN,1,summer,11000.0
788,0,37,8.0,50,CN,1,summer,400.0
789,0,21,7.0,10,CN,0,summer,70.0
790,0,30,4.0,50000,CN,0,summer,200000.0
791,0,41,13.0,100,CN,0,summer,1300.0
792,0,40,12.0,1000,CN,1,summer,12000.0
793,0,31,9.0,10000,CN,0,summer,90000.0
794,0,10,5.78,5000,CN,1,summer,28900.0
795,0,29,5.86,1000,CN,0,summer,5860.0
796,0,18,9.0,10000,CN,0,summer,90000.0
797,0,22,3.87,1000,CN,0,summer,3870.0
798,0,55,9.0,1000,CN,0,summer,9000.0
799,0,30,5.74,100,CN,1,summer,574.0
800,0,23,9.0,10000,CN,1,summer,90000.0
801,0,63,8.0,7,CN,0,summer,56.0
802,0,38,3.68,100,Not Specified,0,summer,368.0
803,0,38,4.86,1000,CN,1,summer,4860.0
804,0,27,11.0,100,CN,1,summer,1100.0
805,0,36,12.0,50,CN,1,summer,600.0
806,0,25,15.0,1000,CN,1,summer,15000.0
807,0,48,3.91,1000,CN,1,summer,3910.0
808,0,94,11.0,100,CN,0,summer,1100.0
809,0,40,11.0,100,CN,0,summer,1100.0
810,0,33,8.0,10000,CN,1,summer,80000.0
811,0,14,8.0,10000,CN,0,summer,80000.0
812,0,38,14.0,10000,CN,1,summer,140000.0
813,0,41,7.0,50,CN,0,summer,350.0
814,0,25,6.0,100,CN,0,summer,600.0
815,0,37,6.0,1000,CN,0,summer,6000.0
816,0,25,12.0,100,CN,1,summer,1200.0
817,0,61,9.0,50,US,0,summer,450.0
818,0,38,3.88,100,CN,0,summer,388.0
819,0,20,8.0,20000,CN,0,summer,160000.0
820,0,43,12.0,1000,CN,1,summer,12000.0
821,0,41,5.65,1000,CN,0,summer,5650.0
822,0,41,11.0,1000,CN,0,summer,11000.0
823,0,41,12.0,1000,CN,0,summer,12000.0
824,0,50,5.74,10000,CN,1,summer,57400.0
825,0,47,9.0,100,CN,1,summer,900.0
826,0,43,8.0,5000,CN,0,summer,40000.0
827,0,41,8.0,1000,CN,1,summer,8000.0
828,0,47,5.79,5000,CN,0,summer,28950.0
829,0,18,8.0,10000,CN,0,summer,80000.0
830,0,48,2.79,100,CN,1,summer,279.0
831,0,43,9.0,100,CN,1,summer,900.0
832,0,33,13.0,100,CN,0,summer,1300.0
833,0,24,8.0,20000,CN,0,summer,160000.0
834,0,40,5.65,1000,CN,0,summer,5650.0
835,0,20,4.86,1000,CN,1,summer,4860.0
836,0,54,6.0,1000,US,1,summer,6000.0
837,0,35,6.0,1000,CN,0,summer,6000.0
838,0,39,8.0,1000,CN,0,summer,8000.0
839,0,43,11.0,5000,CN,0,summer,55000.0
840,0,59,9.0,10000,CN,0,summer,90000.0
841,0,63,8.0,1000,CN,0,summer,8000.0
842,0,49,12.0,20000,CN,1,summer,240000.0
843,0,41,14.0,1000,CN,0,summer,14000.0
844,0,33,8.0,100,CN,0,summer,800.0
845,0,37,8.0,1000,CN,0,summer,8000.0
846,0,33,8.0,100,CN,0,summer,800.0
847,0,47,7.0,5000,CN,0,summer,35000.0
848,0,33,7.0,5000,CN,0,summer,35000.0
849,0,44,16.0,1000,CN,1,summer,16000.0
850,0,41,11.0,1000,CN,0,summer,11000.0
851,0,94,9.0,1000,CN,0,summer,9000.0
852,0,26,5.0,5000,CN,1,summer,25000.0
853,1,43,16.0,1000,CN,1,summer,16000.0
854,0,36,7.0,1000,CN,1,summer,7000.0
855,0,43,9.0,5000,CN,0,summer,45000.0
856,0,45,1.76,100,CN,0,summer,176.0
857,0,41,5.0,5000,CN,0,summer,25000.0
858,0,43,8.0,1000,CN,0,summer,8000.0
859,0,49,4.69,5000,CN,1,summer,23450.000000000004
860,0,43,8.0,1000,CN,1,summer,8000.0
861,0,45,6.0,100,CN,0,summer,600.0
862,0,41,6.0,10,CN,0,summer,60.0
863,0,20,6.0,1000,CN,0,summer,6000.0
864,0,36,4.65,50,CN,0,summer,232.50000000000003
865,0,27,2.67,10,CN,0,summer,26.7
866,0,30,11.0,100,CN,1,summer,1100.0
867,0,41,5.0,100,CN,1,summer,500.0
868,0,35,11.0,1000,CN,1,summer,11000.0
869,0,41,7.0,20000,CN,0,summer,140000.0
870,0,54,12.0,1000,CN,0,summer,12000.0
871,0,43,1.72,1000,CN,1,summer,1720.0
872,0,55,1.72,100,CN,0,summer,172.0
873,0,38,8.0,10000,CN,1,summer,80000.0
874,0,43,5.8,1000,CN,1,summer,5800.0
875,0,18,7.0,50000,CN,0,summer,350000.0
876,0,140,3.66,100,CN,1,summer,366.0
877,0,42,3.83,5000,CN,1,summer,19150.0
878,0,33,13.0,10000,CN,1,summer,130000.0
879,0,41,6.0,5000,CN,1,summer,30000.0
880,0,30,15.0,100,CN,0,summer,1500.0
881,0,23,8.0,100,CN,0,summer,800.0
882,0,31,1.71,50,CN,1,summer,85.5
883,0,42,12.0,10000,CN,1,summer,120000.0
884,0,36,20.0,50,CN,0,summer,1000.0
885,0,41,9.0,1000,CN,0,summer,9000.0
886,0,27,2.0,1000,CN,1,summer,2000.0
887,0,35,5.0,100,CN,1,summer,500.0
888,0,43,9.0,10000,CN,0,summer,90000.0
889,0,35,11.0,100,CN,1,summer,1100.0
890,0,36,16.0,1000,CN,1,summer,16000.0
891,0,13,7.0,5000,CN,0,summer,35000.0
892,0,41,7.0,10000,CN,0,summer,70000.0
893,0,78,8.0,50000,CN,0,summer,400000.0
894,0,14,8.0,100,CN,0,summer,800.0
895,0,24,8.0,10000,CN,0,summer,80000.0
896,0,29,3.0,100,CN,1,summer,300.0
897,0,138,8.0,1000,CN,0,summer,8000.0
898,0,34,6.0,5000,CN,0,summer,30000.0
899,0,34,9.0,100,CN,0,summer,900.0
900,0,43,11.0,100,CN,0,summer,1100.0
901,0,14,13.0,1000,CN,0,summer,13000.0
902,0,37,11.0,5000,CN,1,summer,55000.0
903,0,41,7.0,1000,CN,0,summer,7000.0
904,0,43,9.0,10,CN,1,summer,90.0
905,0,21,8.0,100,CN,0,summer,800.0
906,0,42,8.0,1000,CN,0,summer,8000.0
907,0,48,6.0,5000,CN,1,summer,30000.0
908,0,40,14.0,100,CN,0,summer,1400.0
909,0,40,13.0,100,CN,0,summer,1300.0
910,0,43,13.0,1000,CN,0,summer,13000.0
911,0,23,5.0,5000,CN,1,summer,25000.0
912,0,27,3.69,100,CN,1,summer,369.0
913,0,25,3.85,1000,CN,1,summer,3850.0
914,0,40,11.0,100,CN,0,summer,1100.0
915,0,35,2.0,1000,CN,0,summer,2000.0
916,0,15,8.0,100,CN,1,summer,800.0
917,0,38,7.0,10,CN,0,summer,70.0
918,0,42,11.0,1000,CN,0,summer,11000.0
919,0,28,11.0,5000,CN,1,summer,55000.0
920,0,33,2.7,10000,CN,1,summer,27000.0
921,0,40,5.83,5000,Not Specified,0,summer,29150.0
922,0,43,11.0,20000,CN,1,summer,220000.0
923,0,42,12.0,100,CN,0,summer,1200.0
924,0,35,5.66,100,CN,0,summer,566.0
925,0,26,16.0,100,CN,0,summer,1600.0
926,0,43,3.67,1000,CN,0,summer,3670.0
927,0,42,12.0,100,CN,0,summer,1200.0
928,0,31,2.71,100,CN,1,summer,271.0
929,0,137,5.73,100,CN,0,summer,573.0
930,0,25,8.0,10000,CN,0,summer,80000.0
931,0,81,9.0,100,CN,0,summer,900.0
932,0,27,14.0,100,CN,0,summer,1400.0
933,0,138,3.66,100,CN,0,summer,366.0
934,0,14,6.0,100,CN,0,summer,600.0
935,0,43,12.0,1000,CN,0,summer,12000.0
936,0,43,9.0,5000,CN,0,summer,45000.0
937,0,38,13.0,100,CN,1,summer,1300.0
938,0,27,3.0,50,CN,0,summer,150.0
939,0,35,9.0,1000,CN,1,summer,9000.0
940,0,41,11.0,1000,CN,0,summer,11000.0
941,0,32,11.0,100,CN,0,summer,1100.0
942,0,26,11.0,100,CN,1,summer,1100.0
943,0,40,9.0,10000,Not Specified,1,summer,90000.0
944,0,40,7.0,1000,CN,0,summer,7000.0
945,0,48,3.73,100,CN,1,summer,373.0
946,0,23,8.0,50,CN,0,summer,400.0
947,0,35,3.81,100,CN,1,summer,381.0
948,0,41,6.0,10000,CN,1,summer,60000.0
949,0,37,12.0,1000,CN,0,summer,12000.0
950,0,27,6.0,100,CN,1,summer,600.0
951,0,45,6.0,10000,CN,0,summer,60000.0
952,0,53,9.0,50000,CN,0,summer,450000.0
953,0,79,13.0,50,CN,0,summer,650.0
954,0,23,11.0,10000,CN,0,summer,110000.0
955,0,91,3.9,1000,CN,0,summer,3900.0
956,0,43,8.0,100,CN,1,summer,800.0
957,0,53,6.0,50000,CN,0,summer,300000.0
958,0,43,6.0,5000,CN,0,summer,30000.0
959,0,41,8.0,50,CN,1,summer,400.0
960,0,43,4.68,1000,CN,1,summer,4680.0
961,0,41,8.0,1000,CN,0,summer,8000.0
962,0,31,8.0,20000,CN,0,summer,160000.0
963,0,38,8.0,1000,CN,1,summer,8000.0
964,0,33,7.0,100,CN,0,summer,700.0
965,0,31,7.0,10000,CN,0,summer,70000.0
966,0,109,7.0,1000,CN,1,summer,7000.0
967,0,36,5.65,1000,CN,1,summer,5650.0
968,0,94,9.0,1000,CN,0,summer,9000.0
969,0,36,8.0,10000,CN,0,summer,80000.0
970,0,52,12.0,1000,CN,0,summer,12000.0
971,0,27,5.0,1000,CN,1,summer,5000.0
972,0,36,3.84,1000,CN,0,summer,3840.0
973,0,39,8.0,10000,CN,1,summer,80000.0
974,0,12,12.0,1000,CN,0,summer,12000.0
975,0,43,5.79,100,CN,1,summer,579.0
976,0,41,7.0,10,CN,1,summer,70.0
977,0,90,3.0,1000,CN,1,summer,3000.0
978,0,30,13.0,1000,CN,1,summer,13000.0
979,0,43,8.0,10000,CN,0,summer,80000.0
980,0,25,8.0,100,CN,1,summer,800.0
981,0,30,9.0,100,CN,1,summer,900.0
982,0,43,9.0,1000,CN,1,summer,9000.0
983,0,41,4.9,1000,CN,1,summer,4900.0
984,0,39,8.0,1000,CN,0,summer,8000.0
985,0,27,25.0,50,CN,1,summer,1250.0
986,0,30,2.0,100,CN,1,summer,200.0
987,0,35,9.0,1000,CN,1,summer,9000.0
988,0,105,11.0,100,CN,0,summer,1100.0
989,0,37,12.0,1000,CN,1,summer,12000.0
990,0,47,9.0,10000,CN,0,summer,90000.0
991,0,21,7.0,10,CN,0,summer,70.0
992,0,43,8.0,100,CN,1,summer,800.0
993,0,43,8.0,1000,CN,0,summer,8000.0
994,0,42,15.0,5000,CN,0,summer,75000.0
995,0,43,14.0,5000,CN,0,summer,70000.0
996,0,35,13.0,20000,CN,1,summer,260000.0
997,0,39,4.83,50,VE,1,summer,241.5
998,0,44,6.0,100,CN,1,summer,600.0
999,0,139,13.0,100,US,0,summer,1300.0
1000,0,20,11.0,5000,CN,0,summer,55000.0
1001,0,24,8.0,1000,CN,0,summer,8000.0
1002,0,73,7.0,1000,CN,0,summer,7000.0
1003,0,26,9.0,100,CN,1,summer,900.0
1004,0,35,2.0,5000,CN,1,summer,10000.0
1005,0,40,8.0,10000,CN,0,summer,80000.0
1006,0,49,8.0,1000,CN,1,summer,8000.0
1007,0,36,8.0,5000,CN,0,summer,40000.0
1008,0,41,18.0,5000,CN,1,summer,90000.0
1009,0,35,11.0,20000,CN,1,summer,220000.0
1010,0,38,11.0,20000,CN,0,summer,220000.0
1011,0,41,4.0,10000,CN,0,summer,40000.0
1012,0,31,8.0,10000,CN,0,summer,80000.0
1013,0,21,8.0,5000,CN,0,summer,40000.0
1014,0,54,6.0,1000,CN,1,summer,6000.0
1015,0,18,5.87,20000,CN,1,summer,117400.0
1016,0,14,2.65,100,CN,0,summer,265.0
1017,0,50,7.0,20000,CN,1,summer,140000.0
1018,0,46,7.0,100000,CN,1,summer,700000.0
1019,0,41,14.0,5000,CN,0,summer,70000.0
1020,0,57,19.0,20000,CN,1,summer,380000.0
1021,0,38,8.0,5000,CN,1,summer,40000.0
1022,0,43,7.0,5000,CN,0,summer,35000.0
1023,0,43,8.0,10000,CN,1,summer,80000.0
1024,0,28,8.0,1000,CN,1,summer,8000.0
1025,0,57,1.7,1000,CN,1,summer,1700.0
1026,0,44,12.0,100,CN,0,summer,1200.0
1027,0,41,6.0,5000,CN,0,summer,30000.0
1028,0,31,11.0,50000,CN,0,summer,550000.0
1029,0,43,5.0,100,CN,0,summer,500.0
1030,0,36,9.0,100,CN,1,summer,900.0
1031,0,40,15.0,1000,CN,1,summer,15000.0
1032,0,27,5.0,1000,CN,1,summer,5000.0
1033,0,41,15.0,100,CN,0,summer,1500.0
1034,0,29,11.0,1000,CN,1,summer,11000.0
1035,0,49,14.0,100,CN,0,summer,1400.0
1036,0,18,16.0,5000,CN,0,summer,80000.0
1037,0,35,6.0,20000,CN,1,summer,120000.0
1038,0,14,13.0,1000,CN,0,summer,13000.0
1039,0,49,3.86,100,CN,1,summer,386.0
1040,0,41,3.74,10000,CN,1,summer,37400.0
1041,0,40,7.0,100,CN,0,summer,700.0
1042,0,54,12.0,1000,CN,0,summer,12000.0
1043,0,40,8.0,100,CN,0,summer,800.0
1044,0,84,12.0,100,CN,0,summer,1200.0
1045,0,18,7.0,100,CN,0,summer,700.0
1046,0,44,8.0,1000,CN,0,summer,8000.0
1047,0,43,6.0,1000,CN,0,summer,6000.0
1048,0,48,4.0,100,CN,1,summer,400.0
1049,0,43,9.0,5000,CN,1,summer,45000.0
1050,0,34,3.0,100,CN,1,summer,300.0
1051,0,41,16.0,100,CN,1,summer,1600.0
1052,0,40,5.84,1000,CN,0,summer,5840.0
1053,0,43,11.0,100,CN,1,summer,1100.0
1054,0,45,2.0,100,CN,1,summer,200.0
1055,0,25,8.0,1000,CN,1,summer,8000.0
1056,0,40,7.0,5000,CN,1,summer,35000.0
1057,0,23,2.0,5000,CN,1,summer,10000.0
1058,0,36,8.0,1000,CN,1,summer,8000.0
1059,0,38,11.0,1000,Not Specified,1,summer,11000.0
1060,0,17,5.0,100,CN,0,summer,500.0
1061,1,39,6.0,10000,CN,0,summer,60000.0
1062,0,42,12.0,5000,CN,1,summer,60000.0
1063,0,43,6.0,100,CN,1,summer,600.0
1064,0,24,11.0,5000,CN,0,summer,55000.0
1065,0,39,8.0,1000,CN,1,summer,8000.0
1066,0,42,2.0,100,CN,1,summer,200.0
1067,0,29,5.66,20000,CN,0,summer,113200.0
1068,0,39,3.94,100,CN,0,summer,394.0
1069,0,26,14.0,1000,CN,1,summer,14000.0
1070,0,21,9.0,5000,CN,0,summer,45000.0
1071,0,25,4.0,100,CN,1,summer,400.0
1072,0,20,11.0,100,CN,0,summer,1100.0
1073,0,35,7.0,100,CN,1,summer,700.0
1074,0,35,2.0,1000,CN,0,summer,2000.0
1075,0,36,3.92,20000,CN,1,summer,78400.0
1076,0,37,8.0,10000,CN,0,summer,80000.0
1077,0,27,16.0,1000,CN,0,summer,16000.0
1078,0,27,8.0,1000,CN,0,summer,8000.0
1079,0,40,3.0,100,CN,0,summer,300.0
1080,0,21,8.0,100,CN,0,summer,800.0
1081,0,40,11.0,100,CN,0,summer,1100.0
1082,0,41,11.0,10000,CN,0,summer,110000.0
1083,0,25,12.0,100,CN,1,summer,1200.0
1084,0,25,16.0,100,CN,0,summer,1600.0
1085,0,42,14.0,100,CN,0,summer,1400.0
1086,0,19,3.0,100,CN,1,summer,300.0
1087,0,49,3.86,100,CN,1,summer,386.0
1088,0,61,5.82,1000,CN,1,summer,5820.0
1089,0,37,8.0,50,CN,1,summer,400.0
1090,0,14,11.0,100,CN,0,summer,1100.0
1091,0,35,11.0,5000,CN,1,summer,55000.0
1092,0,42,1.86,1000,CN,1,summer,1860.0
1093,0,38,3.88,100,CN,0,summer,388.0
1094,0,41,8.0,50,CN,1,summer,400.0
1095,0,135,3.71,10,CN,0,summer,37.1
1096,0,44,11.0,100,CN,1,summer,1100.0
1097,0,48,5.0,1000,CN,1,summer,5000.0
1098,0,41,11.0,100,CN,0,summer,1100.0
1099,0,43,11.0,1000,CN,0,summer,11000.0
1100,0,40,13.0,1000,CN,0,summer,13000.0
1101,0,36,8.0,10000,CN,1,summer,80000.0
1102,0,52,13.0,10000,CN,0,summer,130000.0
1103,0,24,5.83,100,CN,0,summer,583.0
1104,0,40,8.0,100,CN,0,summer,800.0
1105,0,43,2.81,50,CN,0,summer,140.5
1106,0,118,2.0,10000,CN,1,summer,20000.0
1107,0,25,5.84,100,CN,0,summer,584.0
1108,0,34,16.0,50,CN,0,summer,800.0
1109,0,33,7.0,100,CN,0,summer,700.0
1110,0,9,6.0,5000,CN,1,summer,30000.0
1111,0,28,9.0,1000,CN,1,summer,9000.0
1112,0,63,2.66,100,CN,0,summer,266.0
1113,0,43,6.0,1000,CN,0,summer,6000.0
1114,0,33,16.0,100,CN,1,summer,1600.0
1115,0,25,8.0,1000,CN,0,summer,8000.0
1116,0,35,5.8,20000,CN,1,summer,116000.0
1117,0,43,9.0,10,CN,1,summer,90.0
1118,0,139,7.0,100,CN,0,summer,700.0
1119,0,31,12.0,1000,CN,1,summer,12000.0
1120,0,37,2.89,50,CN,0,summer,144.5
1121,0,19,8.0,50,US,1,summer,400.0
1122,0,21,9.0,100,CN,0,summer,900.0
1123,0,43,5.67,1000,CN,0,summer,5670.0
1124,0,43,6.0,1000,CN,0,summer,6000.0
1125,0,40,11.0,100,CN,0,summer,1100.0
1126,0,31,8.0,10000,CN,0,summer,80000.0
1127,0,43,7.0,8,CN,0,summer,56.0
1128,0,41,14.0,100,CN,0,summer,1400.0
1129,0,43,14.0,1000,CN,1,summer,14000.0
1130,0,36,8.0,10000,CN,0,summer,80000.0
1131,0,48,2.0,100,CN,1,summer,200.0
1132,0,40,8.0,1000,CN,1,summer,8000.0
1133,0,37,2.0,100,CN,1,summer,200.0
1134,0,25,2.0,100,CN,1,summer,200.0
1135,0,41,9.0,1000,CN,1,summer,9000.0
1136,0,34,3.0,100,CN,1,summer,300.0
1137,0,38,9.0,20000,CN,1,summer,180000.0
1138,0,27,11.0,100,CN,1,summer,1100.0
1139,0,32,4.0,1000,CN,0,summer,4000.0
1140,0,35,11.0,1000,US,1,summer,11000.0
1141,0,127,4.0,100,CN,0,summer,400.0
1142,0,26,4.9,100,CN,0,summer,490.00000000000006
1143,0,55,9.0,1000,CN,0,summer,9000.0
1144,0,52,12.0,100,CN,1,summer,1200.0
1145,0,109,7.0,1000,CN,1,summer,7000.0
1146,0,38,7.0,1000,CN,1,summer,7000.0
1147,0,40,1.85,100,Not Specified,0,summer,185.0
1148,0,25,12.0,100,CN,1,summer,1200.0
1149,0,41,12.0,20000,CN,1,summer,240000.0
1150,0,55,5.88,20000,CN,0,summer,117600.0
1151,0,40,15.0,1000,CN,0,summer,15000.0
1152,0,36,8.0,20000,CN,0,summer,160000.0
1153,0,43,9.0,10000,CN,0,summer,90000.0
1154,0,38,9.0,50,CN,0,summer,450.0
1155,0,41,8.0,100,CN,0,summer,800.0
1156,0,22,7.0,10,CN,1,summer,70.0
1157,0,31,6.0,100,CN,0,summer,600.0
1158,0,41,4.7,100,CN,0,summer,470.0
1159,0,40,6.0,1000,CN,0,summer,6000.0
1160,0,41,4.93,100,CN,0,summer,493.0
1161,0,32,3.0,1000,CN,0,summer,3000.0
1162,0,43,8.0,5000,CN,1,summer,40000.0
1163,0,20,2.0,5000,CN,1,summer,10000.0
1164,0,45,8.0,10000,CN,0,summer,80000.0
1165,0,32,14.0,10000,CN,1,summer,140000.0
1166,0,40,15.0,1000,CN,1,summer,15000.0
1167,0,21,8.0,5000,CN,0,summer,40000.0
1168,0,37,5.67,100000,CN,0,summer,567000.0
1169,0,40,14.0,5000,CN,0,summer,70000.0
1170,0,42,7.0,1000,CN,1,summer,7000.0
1171,0,41,9.0,20000,CN,1,summer,180000.0
1172,0,80,11.0,100,CN,1,summer,1100.0
1173,0,34,16.0,10,CN,0,summer,160.0
1174,0,40,6.0,100,CN,0,summer,600.0
1175,0,34,12.0,1000,CN,0,summer,12000.0
1176,0,81,16.0,100,CN,1,summer,1600.0
1177,0,43,12.0,1000,CN,0,summer,12000.0
1178,0,40,13.0,100,CN,1,summer,1300.0
1179,0,23,11.0,10000,CN,0,summer,110000.0
1180,0,63,11.0,5000,CN,0,summer,55000.0
1181,0,42,3.71,1000,CN,1,summer,3710.0
1182,0,40,6.0,1000,CN,0,summer,6000.0
1183,0,41,6.0,5000,CN,1,summer,30000.0
1184,0,20,12.0,5000,CN,0,summer,60000.0
1185,0,51,2.0,50000,CN,0,summer,100000.0
1186,0,35,5.0,100,CN,1,summer,500.0
1187,0,32,5.0,5000,CN,0,summer,25000.0
1188,0,44,4.66,50000,CN,1,summer,233000.0
1189,0,43,8.0,100,CN,1,summer,800.0
1190,0,44,9.0,100,CN,1,summer,900.0
1191,0,41,8.0,1000,CN,1,summer,8000.0
1192,0,40,16.0,10,CN,1,summer,160.0
1193,0,42,5.0,1000,CN,1,summer,5000.0
1194,0,35,6.0,10000,CN,1,summer,60000.0
1195,0,34,18.0,10,CN,0,summer,180.0
1196,0,38,8.0,20000,CN,1,summer,160000.0
1197,0,26,11.0,100,CN,1,summer,1100.0
1198,0,43,5.0,10000,CN,1,summer,50000.0
1199,0,40,5.0,100,CN,0,summer,500.0
1200,0,17,26.0,100,CN,1,summer,2600.0
1201,0,23,6.0,100,CN,0,summer,600.0
1202,0,43,5.78,100,CN,1,summer,578.0
1203,0,28,5.0,20000,CN,1,summer,100000.0
1204,0,42,5.73,100,CN,0,summer,573.0
1205,0,48,3.83,10000,CN,0,summer,38300.0
1206,0,36,7.0,100,CN,0,summer,700.0
1207,0,41,15.0,100,CN,0,summer,1500.0
1208,0,36,3.92,20000,CN,1,summer,78400.0
1209,0,34,11.0,100,CN,0,summer,1100.0
1210,0,25,6.0,10,CN,0,summer,60.0
1211,0,31,2.65,20000,CN,0,summer,53000.0
1212,0,23,3.71,100,CN,1,summer,371.0
1213,0,41,13.0,100,CN,0,summer,1300.0
1214,0,54,12.0,1000,CN,0,summer,12000.0
1215,0,35,13.0,20000,CN,0,summer,260000.0
1216,0,52,12.0,5000,CN,0,summer,60000.0
1217,0,43,5.69,5000,CN,0,summer,28450.000000000004
1218,0,6,6.0,10000,CN,1,summer,60000.0
1219,0,29,11.0,1000,CN,1,summer,11000.0
1220,0,50,5.0,100,CN,0,summer,500.0
1221,0,43,7.0,1000,CN,0,summer,7000.0
1222,0,41,11.0,5000,CN,0,summer,55000.0
1223,0,41,5.65,100,CN,1,summer,565.0
1224,0,20,5.85,10000,CN,0,summer,58500.0
1225,0,42,8.0,100,CN,0,summer,800.0
1226,0,18,6.0,5000,CN,1,summer,30000.0
1227,0,14,11.0,100,CN,0,summer,1100.0
1228,0,43,14.0,5000,CN,0,summer,70000.0
1229,0,38,3.68,100,Not Specified,0,summer,368.0
1230,0,41,18.0,100,CN,0,summer,1800.0
1231,0,39,5.0,1000,CN,0,summer,5000.0
1232,0,43,7.0,100,CN,0,summer,700.0
1233,0,93,8.0,5000,CN,0,summer,40000.0
1234,0,37,16.0,50,CN,0,summer,800.0
1235,0,20,5.74,5000,CN,0,summer,28700.0
1236,0,43,8.0,10000,CN,0,summer,80000.0
1237,0,43,8.0,20000,CN,0,summer,160000.0
1238,0,41,3.0,100,CN,0,summer,300.0
1239,0,37,2.89,50,CN,0,summer,144.5
1240,0,36,2.0,1000,CN,0,summer,2000.0
1241,0,36,9.0,1000,CN,1,summer,9000.0
1242,0,44,9.0,100,CN,1,summer,900.0
1243,0,14,11.0,5000,CN,0,summer,55000.0
1244,0,40,9.0,1000,Not Specified,0,summer,9000.0
1245,0,47,4.8100000000000005,100,CN,1,summer,481.00000000000006
1246,0,23,8.0,50,CN,0,summer,400.0
1247,0,19,8.0,10000,CN,1,summer,80000.0
1248,0,20,5.0,1000,CN,1,summer,5000.0
1249,0,26,6.0,1000,CN,1,summer,6000.0
1250,0,36,13.0,1000,CN,0,summer,13000.0
1251,0,37,2.89,50,CN,0,summer,144.5
1252,0,21,11.0,1000,CN,0,summer,11000.0
1253,0,48,5.0,1000,CN,1,summer,5000.0
1254,0,127,7.0,100,CN,0,summer,700.0
1255,0,28,9.0,1000,CN,1,summer,9000.0
1256,0,38,12.0,100,Not Specified,0,summer,1200.0
1257,0,25,5.75,1000,CN,0,summer,5750.0
1258,0,16,11.0,100,US,1,summer,1100.0
1259,0,41,11.0,1000,CN,1,summer,11000.0
1260,0,40,11.0,100,CN,0,summer,1100.0
1261,0,26,7.0,100,CN,0,summer,700.0
1262,0,48,1.72,100,CN,1,summer,172.0
1263,0,139,2.9,100,CN,1,summer,290.0
1264,0,39,8.0,10000,CN,0,summer,80000.0
1265,0,43,2.81,50,CN,0,summer,140.5
1266,0,48,2.0,100,CN,1,summer,200.0
1267,0,20,8.0,100,CN,0,summer,800.0
1268,0,41,5.86,1000,CN,1,summer,5860.0
1269,0,33,11.0,1000,CN,0,summer,11000.0
1270,0,27,2.67,10,CN,0,summer,26.7
1271,0,45,11.0,10000,CN,1,summer,110000.0
1272,0,66,13.0,5000,US,0,summer,65000.0
1273,0,41,5.65,100,CN,1,summer,565.0
1274,0,37,8.0,100,CN,0,summer,800.0
1275,0,40,14.0,1000,CN,0,summer,14000.0
1276,0,25,11.0,1000,CN,1,summer,11000.0
1277,0,40,7.0,10000,CN,0,summer,70000.0
1278,0,39,11.0,10000,CN,1,summer,110000.0
1279,0,34,9.0,1000,CN,1,summer,9000.0
1280,0,37,8.0,10000,CN,0,summer,80000.0
1281,0,20,8.0,100,CN,0,summer,800.0
1282,0,34,11.0,100,US,0,summer,1100.0
1283,0,36,15.0,50,CN,1,summer,750.0
1284,0,35,16.0,100,VE,1,summer,1600.0
1285,0,25,5.0,5000,CN,1,summer,25000.0
1286,0,40,13.0,100,CN,0,summer,1300.0
1287,0,36,20.0,100,CN,1,summer,2000.0
1288,0,41,16.0,100,CN,1,summer,1600.0
1289,0,40,1.0,100,Not Specified,0,summer,100.0
1290,0,33,9.0,20000,CN,1,summer,180000.0
1291,0,22,14.0,1000,CN,0,summer,14000.0
1292,0,43,6.0,6,CN,0,summer,36.0
1293,0,24,7.0,100,CN,0,summer,700.0
1294,0,52,11.0,5000,CN,0,summer,55000.0
1295,0,48,1.72,100,CN,1,summer,172.0
1296,0,40,5.67,20000,Not Specified,0,summer,113400.0
1297,0,40,6.0,100,CN,1,summer,600.0
1298,0,41,6.0,100,CN,1,summer,600.0
1299,0,40,12.0,100,CN,1,summer,1200.0
1300,0,40,11.0,100,CN,1,summer,1100.0
1301,0,37,12.0,50,CN,0,summer,600.0
1302,0,38,11.0,1000,CN,1,summer,11000.0
1303,0,37,8.0,1000,CN,0,summer,8000.0
1304,0,42,5.0,100,CN,0,summer,500.0
1305,0,20,4.0,100,CN,1,summer,400.0
1306,0,35,11.0,10000,CN,0,summer,110000.0
1307,0,36,12.0,50,CN,0,summer,600.0
1308,0,37,11.0,5000,CN,0,summer,55000.0
1309,0,25,8.0,50,CN,0,summer,400.0
1310,0,31,7.0,10000,CN,0,summer,70000.0
1311,0,25,8.0,100,CN,0,summer,800.0
1312,0,43,1.88,100,CN,1,summer,188.0
1313,0,54,11.0,1000,CN,0,summer,11000.0
1314,0,39,9.0,100,CN,0,summer,900.0
1315,0,41,3.88,10000,CN,0,summer,38800.0
1316,0,17,11.0,1000,CN,0,summer,11000.0
1317,0,17,8.0,100,CN,0,summer,800.0
1318,0,23,5.65,1000,CN,1,summer,5650.0
1319,0,33,8.0,100,CN,0,summer,800.0
1320,0,35,2.0,10,CN,0,summer,20.0
1321,0,40,12.0,1000,CN,0,summer,12000.0
1322,0,26,1.66,100,CN,1,summer,166.0
1323,0,9,7.0,1000,CN,0,summer,7000.0
1324,0,138,8.0,1000,CN,0,summer,8000.0
1325,0,45,9.0,1000,GB,1,summer,9000.0
1326,0,36,8.0,1000,CN,1,summer,8000.0
1327,0,10,14.0,1000,CN,1,summer,14000.0
1328,0,52,8.0,1000,CN,0,summer,8000.0
1329,0,43,11.0,10000,CN,1,summer,110000.0
1330,0,38,19.0,100,CN,1,summer,1900.0
1331,0,139,7.0,50,CN,0,summer,350.0
1332,0,38,8.0,10000,CN,1,summer,80000.0
1333,0,20,11.0,1000,CN,1,summer,11000.0
1334,0,40,12.0,1000,CN,1,summer,12000.0
1335,0,41,2.0,100,CN,1,summer,200.0
1336,0,41,8.0,100,CN,1,summer,800.0
1337,0,18,8.0,100,US,1,summer,800.0
1338,0,43,5.0,100,CN,0,summer,500.0
1339,0,45,5.0,100,CN,1,summer,500.0
1340,0,41,13.0,100,CN,0,summer,1300.0
1341,0,40,2.0,5000,CN,0,summer,10000.0
1342,0,17,8.0,100,CN,1,summer,800.0
1343,0,23,5.86,100,CN,1,summer,586.0
1344,0,43,7.0,5000,CN,0,summer,35000.0
1345,0,35,2.0,10,CN,0,summer,20.0
1346,0,40,1.68,100,CN,1,summer,168.0
1347,0,23,8.0,100,CN,0,summer,800.0
1348,0,41,8.0,100,CN,0,summer,800.0
1349,0,41,8.0,1000,CN,1,summer,8000.0
1350,0,24,12.0,1000,CN,0,summer,12000.0
1351,0,40,2.0,100,CN,1,summer,200.0
1352,0,42,11.0,1000,CN,0,summer,11000.0
1353,0,42,8.0,10000,CN,1,summer,80000.0
1354,0,32,16.0,100,CN,0,summer,1600.0
1355,0,43,8.0,8,CN,0,summer,64.0
1356,0,36,9.0,5000,CN,1,summer,45000.0
1357,0,28,11.0,5000,CN,0,summer,55000.0
1358,0,50,8.0,5000,CN,1,summer,40000.0
1359,0,27,8.0,5000,CN,1,summer,40000.0
1360,0,46,11.0,10000,CN,0,summer,110000.0
1361,0,36,11.0,50,CN,1,summer,550.0
1362,0,60,17.0,1000,CN,0,summer,17000.0
1363,0,43,7.0,10,CN,0,summer,70.0
1364,0,20,2.8,1000,CN,1,summer,2800.0
1365,0,15,8.0,50,CN,1,summer,400.0
1366,0,30,5.89,100,CN,1,summer,589.0
1367,0,37,8.0,1000,CN,0,summer,8000.0
1368,0,16,1.0,100,CN,1,summer,100.0
1369,0,28,8.0,100,CN,1,summer,800.0
1370,0,41,16.0,10000,CN,0,summer,160000.0
1371,0,34,1.66,1000,CN,1,summer,1660.0
1372,0,14,6.0,100,CN,0,summer,600.0
1373,0,37,2.71,100,CN,1,summer,271.0
1374,0,41,8.0,10000,CN,1,summer,80000.0
1375,0,39,16.0,5000,CN,1,summer,80000.0
1376,0,29,5.0,1000,CN,0,summer,5000.0
1377,0,46,11.0,5000,CN,1,summer,55000.0
1378,0,39,6.0,1000,CN,1,summer,6000.0
1379,0,41,4.88,1000,CN,0,summer,4880.0
1380,0,10,16.0,20000,CN,0,summer,320000.0
1381,0,25,11.0,1000,CN,1,summer,11000.0
1382,0,43,6.0,1000,CN,0,summer,6000.0
1383,0,43,5.0,1000,CN,0,summer,5000.0
1384,0,25,6.0,10000,CN,0,summer,60000.0
1385,0,62,6.0,1000,CN,1,summer,6000.0
1386,0,44,14.0,10000,CN,1,summer,140000.0
1387,0,41,6.0,10,CN,0,summer,60.0
1388,0,27,9.0,100,CN,1,summer,900.0
1389,0,35,5.0,5000,CN,1,summer,25000.0
1390,0,36,7.0,20000,CN,1,summer,140000.0
1391,0,43,9.0,100,CN,0,summer,900.0
1392,0,41,15.0,1000,CN,1,summer,15000.0
1393,0,135,7.0,1000,CN,0,summer,7000.0
1394,0,54,13.0,1000,CN,0,summer,13000.0
1395,0,35,7.0,100,CN,1,summer,700.0
1396,0,41,4.0,5000,CN,0,summer,20000.0
1397,0,26,8.0,1000,CN,0,summer,8000.0
1398,0,40,14.0,1000,CN,0,summer,14000.0
1399,0,43,8.0,1000,CN,1,summer,8000.0
1400,0,48,4.0,5000,US,1,summer,20000.0
1401,0,40,1.68,100,CN,1,summer,168.0
1402,0,72,11.0,10000,CN,0,summer,110000.0
1403,0,27,6.0,100,CN,1,summer,600.0
1404,0,45,5.85,100,CN,1,summer,585.0
1405,0,20,5.69,1000,CN,0,summer,5690.0
1406,0,47,5.71,20000,CN,0,summer,114200.0
1407,0,43,9.0,1000,CN,0,summer,9000.0
1408,0,43,12.0,5000,CN,0,summer,60000.0
1409,0,38,5.0,20000,CN,0,summer,100000.0
1410,0,46,9.0,100,CN,0,summer,900.0
1411,0,18,8.0,100,US,1,summer,800.0
1412,0,36,9.0,5000,CN,1,summer,45000.0
1413,0,41,7.0,1000,CN,1,summer,7000.0
1414,0,21,7.0,100,CN,0,summer,700.0
1415,0,40,15.0,1000,CN,0,summer,15000.0
1416,0,42,8.0,10000,CN,1,summer,80000.0
1417,0,33,8.0,10,CN,1,summer,80.0
1418,0,40,16.0,10000,CN,1,summer,160000.0
1419,0,48,8.0,5000,CN,0,summer,40000.0
1420,0,33,9.0,5000,CN,1,summer,45000.0
1421,0,36,8.0,5000,CN,0,summer,40000.0
1422,0,36,9.0,5000,CN,0,summer,45000.0
1423,0,41,11.0,5000,CN,0,summer,55000.0
1424,0,81,3.65,20000,CN,1,summer,73000.0
1425,0,25,4.67,100,CN,1,summer,467.0
1426,0,43,11.0,1000,CN,0,summer,11000.0
1427,0,36,8.0,1000,CN,1,summer,8000.0
1428,0,41,8.0,1000,CN,0,summer,8000.0
1429,0,139,8.0,5000,CN,1,summer,40000.0
1430,0,25,12.0,100,CN,1,summer,1200.0
1431,0,20,8.0,20000,CN,0,summer,160000.0
1432,0,41,6.0,1000,CN,1,summer,6000.0
1433,0,23,8.0,50,CN,0,summer,400.0
1434,0,43,2.69,100,CN,0,summer,269.0
1435,0,43,1.67,100,US,1,summer,167.0
1436,0,35,8.0,100,CN,1,summer,800.0
1437,0,17,6.0,100,CN,0,summer,600.0
1438,0,32,8.0,5000,CN,1,summer,40000.0
1439,0,43,9.0,5000,CN,1,summer,45000.0
1440,0,21,3.0,5000,CN,0,summer,15000.0
1441,0,26,3.0,100,CN,1,summer,300.0
1442,0,37,2.71,100,CN,1,summer,271.0
1443,0,39,1.0,50,CN,0,summer,50.0
1444,0,42,11.0,100,CN,0,summer,1100.0
1445,0,45,6.0,50,CN,1,summer,300.0
1446,0,39,16.0,100,CN,0,summer,1600.0
1447,0,48,5.0,5000,CN,0,summer,25000.0
1448,0,49,11.0,100,CN,1,summer,1100.0
1449,0,43,2.72,1000,CN,1,summer,2720.0
1450,0,41,7.0,1000,CN,0,summer,7000.0
1451,0,37,3.81,1000,CN,0,summer,3810.0
1452,0,41,11.0,100,CN,1,summer,1100.0
1453,0,38,6.0,100,CN,1,summer,600.0
1454,0,40,9.0,100,CN,1,summer,900.0
1455,0,45,5.0,100,CN,1,summer,500.0
1456,0,41,8.0,10000,CN,0,summer,80000.0
1457,0,41,8.0,100,CN,0,summer,800.0
1458,0,41,13.0,100,CN,0,summer,1300.0
1459,0,40,11.0,100,CN,0,summer,1100.0
1460,0,28,15.0,5000,CN,1,summer,75000.0
1461,0,39,11.0,100,CN,1,summer,1100.0
1462,0,35,2.81,100,CN,1,summer,281.0
1463,0,44,6.0,5000,CN,0,summer,30000.0
1464,0,35,5.66,1000,CN,0,summer,5660.0
1465,0,31,6.0,10000,CN,0,summer,60000.0
1466,0,36,8.0,50000,CN,0,summer,400000.0
1467,0,43,7.0,10000,CN,1,summer,70000.0
1468,0,43,14.0,100,CN,1,summer,1400.0
1469,0,57,1.84,100,CN,1,summer,184.0
1470,0,24,8.0,1000,CN,0,summer,8000.0
1471,0,38,9.0,10000,CN,0,summer,90000.0
1472,0,51,7.0,100,US,0,summer,700.0
1473,0,140,5.0,100,CN,1,summer,500.0
1474,0,21,3.72,1000,CN,1,summer,3720.0
1475,0,41,3.81,5000,CN,0,summer,19050.0
1476,0,45,4.93,1000,CN,1,summer,4930.0
1477,0,45,11.0,10000,CN,1,summer,110000.0
1478,0,39,6.0,1000,CN,1,summer,6000.0
1479,0,41,7.0,50,CN,0,summer,350.0
1480,0,26,16.0,5000,US,1,summer,80000.0
1481,0,43,8.0,8,CN,0,summer,64.0
1482,0,55,9.0,1000,US,0,summer,9000.0
1483,0,24,8.0,100,CN,1,summer,800.0
1484,0,37,8.0,10000,CN,1,summer,80000.0
1485,0,43,5.0,100,CN,1,summer,500.0
1486,0,40,5.0,5000,CN,1,summer,25000.0
1487,0,43,14.0,1000,CN,0,summer,14000.0
1488,0,27,14.0,1,CN,0,summer,14.0
1489,0,44,2.8,100,CN,1,summer,280.0
1490,0,41,8.0,10000,CN,0,summer,80000.0
1491,0,33,11.0,10,CN,0,summer,110.0
1492,0,32,9.0,5000,CN,0,summer,45000.0
1493,0,38,8.0,10000,CN,1,summer,80000.0
1494,0,32,16.0,100,CN,0,summer,1600.0
1495,0,17,6.0,100,CN,0,summer,600.0
1496,0,48,7.0,10000,CN,0,summer,70000.0
1497,0,49,3.66,20000,CN,0,summer,73200.0
1498,0,43,7.0,5000,CN,0,summer,35000.0
1499,0,41,6.0,1000,CN,0,summer,6000.0
1500,0,40,4.8100000000000005,10000,CN,0,summer,48100.00000000001
1501,0,39,8.0,1000,CN,1,summer,8000.0
1502,0,41,8.0,20000,CN,1,summer,160000.0
1503,0,41,14.0,5000,CN,0,summer,70000.0
1504,0,138,4.67,10000,CN,1,summer,46700.0
1505,0,41,1.8,1000,CN,1,summer,1800.0
1506,0,58,5.9,5000,CN,1,summer,29500.0
1507,0,35,5.0,1000,CN,0,summer,5000.0
1508,0,36,12.0,20000,CN,0,summer,240000.0
1509,0,32,5.0,20000,CN,0,summer,100000.0
1510,0,43,14.0,1000,CN,1,summer,14000.0
1511,0,38,12.0,20000,CN,0,summer,240000.0
1512,0,25,5.84,100,CN,0,summer,584.0
1513,0,41,13.0,100,CN,0,summer,1300.0
1514,0,35,6.0,10000,CN,1,summer,60000.0
1515,0,43,9.0,5000,CN,0,summer,45000.0
1516,0,10,15.0,20000,CN,0,summer,300000.0
1517,0,20,8.0,100,CN,0,summer,800.0
1518,0,41,7.0,1000,CN,0,summer,7000.0
1519,0,23,8.0,5000,CN,1,summer,40000.0
1520,0,42,2.0,100,CN,1,summer,200.0
1521,0,43,8.0,1000,CN,1,summer,8000.0
1522,0,43,11.0,100,CN,0,summer,1100.0
1523,0,139,8.0,1000,CN,0,summer,8000.0
1524,0,127,2.69,1000,CN,1,summer,2690.0
1525,0,42,6.0,5000,CN,0,summer,30000.0
1526,0,39,8.0,1000,CN,1,summer,8000.0
1527,0,9,5.83,100,CN,1,summer,583.0
1528,0,14,11.0,100,CN,0,summer,1100.0
1529,0,40,11.0,1000,CN,1,summer,11000.0
1530,0,27,14.0,1000,CN,0,summer,14000.0
1531,0,26,27.0,50,CN,1,summer,1350.0
1532,0,58,4.0,10,CN,1,summer,40.0
1533,0,46,16.0,10000,CN,0,summer,160000.0
1534,0,46,11.0,20000,CN,1,summer,220000.0
1535,0,42,8.0,20000,CN,0,summer,160000.0
1536,0,43,5.77,100,CN,0,summer,577.0
1537,0,23,11.0,10000,CN,0,summer,110000.0
1538,0,38,9.0,1000,CN,1,summer,9000.0
1539,0,17,12.0,1000,CN,0,summer,12000.0
1540,0,29,5.87,1000,CN,1,summer,5870.0
1541,0,38,7.0,100,CN,1,summer,700.0
1542,0,14,8.0,1000,CN,0,summer,8000.0
1543,0,26,7.0,1000,CN,1,summer,7000.0
1544,0,23,8.0,100,CN,0,summer,800.0
1545,0,39,9.0,5000,CN,0,summer,45000.0
1546,0,14,8.0,1000,CN,0,summer,8000.0
1547,0,31,2.71,100,CN,1,summer,271.0
1548,0,40,12.0,10000,CN,0,summer,120000.0
1549,0,48,13.0,1000,CN,0,summer,13000.0
1550,0,32,3.0,5000,CN,0,summer,15000.0
1551,0,23,7.0,100,CN,1,summer,700.0
1552,0,48,5.0,5000,CN,0,summer,25000.0
1553,0,14,6.0,100,CN,0,summer,600.0
1554,0,139,12.0,5000,CN,0,summer,60000.0
1555,0,36,8.0,50,CN,0,summer,400.0
1556,0,27,7.0,1000,CN,1,summer,7000.0
1557,0,36,9.0,20000,CN,0,summer,180000.0
1558,0,36,13.0,10000,CN,0,summer,130000.0
1559,0,36,16.0,100,CN,1,summer,1600.0
1560,0,27,7.0,5000,CN,0,summer,35000.0
1561,0,40,3.87,1000,CN,1,summer,3870.0
1562,0,41,4.93,100,CN,0,summer,493.0
1563,0,38,15.0,100,CN,0,summer,1500.0
1564,0,36,5.91,1000,CN,0,summer,5910.0
1565,0,41,3.0,100,CN,1,summer,300.0
1566,0,46,11.0,100,CN,1,summer,1100.0
1567,0,44,8.0,20000,CN,1,summer,160000.0
1568,0,41,6.0,10000,CN,1,summer,60000.0
1569,0,26,2.0,100,CN,1,summer,200.0
1570,0,11,5.0,100,CN,0,summer,500.0
1571,0,29,13.0,100,CN,0,summer,1300.0
1572,0,41,7.0,100,CN,1,summer,700.0
